productCode,productName,warehouseCode,quantityInStock,total_ordered_item,total_revenue,avg_monthly_sales,good_stock_level_sales,avg_monthly_revenue,inventory_status
S18_3233,"1985 Toyota Supra",b,7733,0,0.00,0,0,0,"Never ordered"
S10_4698,"2003 Harley-Davidson Eagle Drag Bike",a,5582,985,170686.00,55,657,9483,Overstocked
S12_2823,"2002 Suzuki XREO",a,9997,1028,135767.03,57,685,7543,Overstocked
S18_1662,"1980s Black Hawk Helicopter",a,5330,1040,144959.91,58,693,8053,Overstocked
S18_2625,"1936 Harley Davidson El Knucklehead",a,4357,945,49992.72,53,630,2777,Overstocked
S24_1578,"1997 BMW R 1100 S",a,7003,1033,105266.64,57,689,5848,Overstocked
S24_1785,"1928 British Royal Navy Airplane",a,3627,972,94885.37,54,648,5271,Overstocked
S24_2360,"1982 Ducati 900 Monster",a,6840,947,57995.25,53,631,3222,Overstocked
S32_4485,"1974 Ducati 350 Mk3 Desmo",a,3341,898,84039.24,50,599,4669,Overstocked
S700_1691,"American Airlines: B767-300",a,5841,894,73871.22,50,596,4104,Overstocked
S700_2834,"ATA: B757-300",a,7106,973,102786.38,54,649,5710,Overstocked
S700_4002,"American Airlines: MD-11S",a,8820,1085,71753.93,60,723,3986,Overstocked
S10_1678,"1969 Harley Davidson Ultimate Chopper",a,7933,1057,90157.77,59,705,5009,Overstocked
S10_2016,"1996 Moto Guzzi 1100i",a,6625,999,109998.82,56,666,6111,Overstocked
S18_2581,"P-51-D Mustang",a,992,917,68741.91,51,611,3819,Overstocked
S18_3782,"1957 Vespa GS150",a,7689,959,54024.87,53,639,3001,Overstocked
S24_2841,"1900s Vintage Bi-Plane",a,5942,940,58434.07,52,627,3246,Overstocked
S24_3949,"Corsair F4U ( Bird Cage)",a,6812,1051,62269.67,58,701,3459,Overstocked
S24_4278,"1900s Vintage Tri-Plane",a,2756,1009,68276.35,56,673,3793,Overstocked
S32_2206,"1982 Ducati 996 R",a,9241,906,33268.76,50,604,1848,Overstocked
S700_2466,"America West Airlines B757-200",a,9653,984,89347.80,55,656,4964,Overstocked
S72_1253,"Boeing X-32A JSF",a,4857,960,42692.53,53,640,2372,Overstocked
S10_1949,"1952 Alpine Renault 1300",b,7305,961,190017.96,53,641,10557,Overstocked
S10_4962,"1962 LanciaA Delta 16V",b,6791,932,123123.01,52,621,6840,Overstocked
S12_1108,"2001 Ferrari Enzo",b,3619,1019,190755.86,57,679,10598,Overstocked
S12_3380,"1968 Dodge Charger",b,9123,925,98718.76,51,617,5484,Overstocked
S12_3990,"1970 Plymouth Hemi Cuda",b,5663,900,63489.95,50,600,3527,Overstocked
S12_4675,"1969 Dodge Charger",b,7323,992,104210.62,55,661,5789,Overstocked
S18_1129,"1993 Mazda RX-7",b,3975,947,114648.12,53,631,6369,Overstocked
S18_1889,"1948 Porsche 356-A Roadster",b,8826,972,66455.62,54,648,3692,Overstocked
S18_2238,"1998 Chrysler Plymouth Prowler",b,4724,986,142530.63,55,657,7918,Overstocked
S18_2870,"1999 Indy 500 Monte Carlo SS",b,8164,855,100770.12,48,570,5598,Overstocked
S18_3232,"1992 Ferrari 360 Spider red",b,8347,1808,276839.98,100,1205,15380,Overstocked
S18_3685,"1948 Porsche Type 356 Roadster",b,8990,948,121653.46,53,632,6759,Overstocked
S18_4721,"1957 Corvette Convertible",b,1249,1013,130749.31,56,675,7264,Overstocked
S24_1046,"1970 Chevy Chevelle SS 454",b,1005,803,53236.67,45,535,2958,Overstocked
S24_2840,"1958 Chevy Corvette Limited Edition",b,2542,983,31627.96,55,655,1757,Overstocked
S24_2887,"1952 Citroen-15CV",b,1452,873,94248.67,49,582,5236,Overstocked
S24_3371,"1971 Alpine Renault 1600s",b,7995,969,52339.53,54,646,2908,Overstocked
S24_3432,"2002 Chevy Corvette",b,9446,894,87404.81,50,596,4856,Overstocked
S24_3856,"1956 Porsche 356A Coupe",b,6600,1052,134240.71,58,701,7458,Overstocked
S24_4620,"1961 Chevrolet Impala",b,7869,941,69120.97,52,627,3840,Overstocked
S10_4757,"1972 Alfa Romeo GTA",b,3252,1030,127924.32,57,687,7107,Overstocked
S12_3148,"1969 Corvair Monza",b,6906,963,132363.79,54,642,7354,Overstocked
S12_3891,"1969 Ford Falcon",b,1049,965,152543.02,54,643,8475,Overstocked
S18_1589,"1965 Aston Martin DB5",b,9042,914,101778.13,51,609,5654,Overstocked
S18_1984,"1995 Honda Civic",b,9772,917,119050.95,51,611,6614,Overstocked
S18_3278,"1969 Dodge Super Bee",b,1917,974,68783.93,54,649,3821,Overstocked
S18_3482,"1976 Ford Gran Torino",b,9127,915,121890.60,51,610,6772,Overstocked
S18_4027,"1970 Triumph Spitfire",b,5545,945,122254.75,53,630,6792,Overstocked
S18_4933,"1957 Ford Thunderbird",b,3209,767,50101.57,43,511,2783,Overstocked
S24_1444,"1970 Dodge Coronet",b,4074,976,50255.45,54,651,2792,Overstocked
S24_1628,"1966 Shelby Cobra 427 S/C",b,8197,915,42015.54,51,610,2334,Overstocked
S24_2766,"1949 Jaguar XK 120",b,2350,949,76670.02,53,633,4259,Overstocked
S24_2972,"1982 Lamborghini Diablo",b,7723,912,30972.87,51,608,1721,Overstocked
S24_3191,"1969 Chevrolet Camaro Z28",b,4695,870,67357.30,48,580,3742,Overstocked
S24_4048,"1992 Porsche Cayenne Turbo Silver",b,6582,867,92973.40,48,578,5165,Overstocked
S700_2824,"1982 Camaro Z28",b,6934,997,89272.65,55,665,4960,Overstocked
S18_1367,"1936 Mercedes-Benz 500K Special Roadster",c,8635,960,46078.29,53,640,2560,Overstocked
S18_2957,"1934 Ford V8 Coupe",c,5649,985,55172.21,55,657,3065,Overstocked
S18_3136,"18th Century Vintage Horse Carriage",c,5992,907,85328.57,50,605,4740,Overstocked
S18_3320,"1917 Maxwell Touring Car",c,7913,992,87637.63,55,661,4869,Overstocked
S18_3856,"1941 Chevrolet Special Deluxe Cabriolet",c,2378,1076,102537.45,60,717,5697,Overstocked
S18_4409,"1932 Alfa Romeo 8C2300 Spider Sport",c,6553,866,71526.22,48,577,3974,Overstocked
S24_2022,"1938 Cadillac V-16 Presidential Limousine",c,2847,955,38449.09,53,637,2136,Overstocked
S24_3151,"1912 Ford Model T Delivery Wagon",c,9173,991,77239.92,55,661,4291,Overstocked
S24_3969,"1936 Mercedes Benz 500k Roadster",c,2081,824,29763.39,46,549,1654,Overstocked
S24_4258,"1936 Chrysler Airflow",c,4710,983,88434.46,55,655,4913,Overstocked
S18_1342,"1937 Lincoln Berline",c,8693,1111,102563.52,62,741,5698,Overstocked
S18_1749,"1917 Grand Touring Sedan",c,2724,918,140535.60,51,612,7808,Overstocked
S18_2325,"1932 Model A Ford J-Coupe",c,9354,957,109992.01,53,638,6111,Overstocked
S18_2949,"1913 Ford Model T Speedster",c,4189,1038,97193.88,58,692,5400,Overstocked
S18_3140,"1903 Ford Model A",c,3913,883,111528.82,49,589,6196,Overstocked
S18_4522,"1904 Buick Runabout",c,8290,990,77800.54,55,660,4322,Overstocked
S18_4668,"1939 Cadillac Limousine",c,6645,995,44037.84,55,663,2447,Overstocked
S24_1937,"1939 Chevrolet Deluxe Coupe",c,7332,937,28052.94,52,625,1558,Overstocked
S24_3420,"1937 Horch 930V Limousine",c,2902,884,52803.75,49,589,2934,Overstocked
S24_3816,"1940 Ford Delivery Sedan",c,6621,923,71208.18,51,615,3956,Overstocked
S50_1341,"1930 Buick Marquette Phaeton",c,7062,1074,41599.24,60,716,2311,Overstocked
S18_2319,"1964 Mercedes Tour Bus",d,8258,1053,117669.66,59,702,6537,Overstocked
S18_2432,"1926 Ford Fire Engine",d,2018,998,55835.30,55,665,3102,Overstocked
S18_3259,"Collectable Wooden Train",d,6450,918,82617.12,51,612,4590,Overstocked
S18_4600,"1940s Ford truck",d,3128,1061,114232.79,59,707,6346,Overstocked
S32_2509,"1954 Greyhound Scenicruiser",d,2874,955,46519.05,53,637,2584,Overstocked
S32_3522,"1996 Peterbilt 379 Stake Bed with Outrigger",d,814,988,57282.49,55,659,3182,Overstocked
S50_1392,"Diamond T620 Semi-Skirted Tanker",d,1016,979,101137.55,54,653,5619,Overstocked
S700_2047,"HMS Bounty",d,3501,897,73298.42,50,598,4072,Overstocked
S700_2610,"The USS Constitution Ship",d,7083,1020,66697.13,57,680,3705,Overstocked
S700_3505,"The Titanic",d,1956,952,84992.25,53,635,4722,Overstocked
S12_1666,"1958 Setra Bus",d,1579,972,119085.25,54,648,6616,Overstocked
S12_4473,"1957 Chevy Pickup",d,6125,1056,109946.21,59,704,6108,Overstocked
S18_1097,"1940 Ford Pickup Truck",d,2613,999,105563.12,56,666,5865,Overstocked
S18_3029,"1999 Yamaha Speed Boat",d,4259,966,74127.24,54,644,4118,Overstocked
S24_2011,"18th century schooner",d,1898,1011,112427.12,56,674,6246,Overstocked
S24_2300,"1962 Volkswagen Microbus",d,2327,1029,118774.33,57,686,6599,Overstocked
S32_1268,"1980’s GM Manhattan Express",d,5099,911,78067.82,51,607,4337,Overstocked
S32_3207,"1950's Chicago Surface Lines Streetcar",d,8601,934,53791.99,52,623,2988,Overstocked
S50_1514,"1962 City of Detroit Streetcar",d,1645,966,52123.81,54,644,2896,Overstocked
S700_1138,"The Schooner Bluenose",d,1897,934,56455.11,52,623,3136,Overstocked
S700_1938,"The Mayflower",d,737,898,69531.61,50,599,3863,Overstocked
S700_3962,"The Queen Mary",d,5088,896,78919.06,50,597,4384,Overstocked
S24_2000,"1960 BSA Gold Star DBD34",a,15,1015,67193.49,56,677,3733,Understocked
S32_1374,"1997 BMW F650 ST",a,178,1014,89364.89,56,676,4965,Understocked
S50_4713,"2002 Yamaha YZR M1",a,600,992,73670.64,55,661,4093,Understocked
S700_3167,"F/A 18 Hornet 1/72",a,551,1047,76618.40,58,698,4257,Understocked
S12_1099,"1968 Ford Mustang",b,68,933,161531.48,52,622,8974,Understocked
S18_2248,"1911 Ford Town Car",c,540,832,45306.77,46,555,2517,Understocked
S18_2795,"1928 Mercedes-Benz SSK",c,548,880,132275.98,49,587,7349,Understocked
S32_4289,"1928 Ford Phaeton Deluxe",c,136,972,60493.33,54,648,3361,Understocked
S72_3212,"Pont Yacht",d,414,958,47550.40,53,639,2642,Understocked
